use TheDW;
INSERT INTO [Tables_Table] (Table_Name, Keys, Is_Shadowed, Load_Order) VALUES ('Employee_Table','Soc_Sec_Num','Y','1')
INSERT INTO [Tables_Table] (Table_Name, Keys, Is_Shadowed, Load_Order) VALUES ('Job_Assignment_Table','Soc_Sec_Num+Subsidiary_Number','Y','2')

INSERT INTO [Extract_File_Translation_Table] (Subsidiary_Number,Legacy_FieldName,DW_Fieldname,DW_Tablename) VALUES ('001', 'SUBSIDIARY_NUMBER', 'Subsidiary_Number', 'Job_Assignment_Table')
INSERT INTO [Extract_File_Translation_Table] (Subsidiary_Number,Legacy_FieldName,DW_Fieldname,DW_Tablename) VALUES ('001', 'SOCIAL_SECURITY_NUMBER', 'Soc_Sec_Num', 'Job_Assignment_Table')
INSERT INTO [Extract_File_Translation_Table] (Subsidiary_Number,Legacy_FieldName,DW_Fieldname,DW_Tablename) VALUES ('001', 'ORIGINAL_HIRE_DATE', 'Hired_Date', 'Job_Assignment_Table')
INSERT INTO [Extract_File_Translation_Table] (Subsidiary_Number,Legacy_FieldName,DW_Fieldname,DW_Tablename) VALUES ('001', 'EMPLOYEE_NUMBER', 'Company_Employee_Number', 'Job_Assignment_Table')
INSERT INTO [Extract_File_Translation_Table] (Subsidiary_Number,Legacy_FieldName,DW_Fieldname,DW_Tablename) VALUES ('001', 'FT_PT_CODE', 'FT_PT_Code', 'Job_Assignment_Table')
INSERT INTO [Extract_File_Translation_Table] (Subsidiary_Number,Legacy_FieldName,DW_Fieldname,DW_Tablename) VALUES ('001', 'STATUS_CODE', 'Status_Code', 'Job_Assignment_Table')
INSERT INTO [Extract_File_Translation_Table] (Subsidiary_Number,Legacy_FieldName,DW_Fieldname,DW_Tablename) VALUES ('001', 'TERMINATION_DATE', 'Termination_Date', 'Job_Assignment_Table')
INSERT INTO [Extract_File_Translation_Table] (Subsidiary_Number,Legacy_FieldName,DW_Fieldname,DW_Tablename) VALUES ('001', 'TERMINATION_CODE', 'Termination_Code', 'Job_Assignment_Table')
INSERT INTO [Extract_File_Translation_Table] (Subsidiary_Number,Legacy_FieldName,DW_Fieldname,DW_Tablename) VALUES ('001', 'HOURLY_BASE_PAY', 'Hourly_Base_Pay', 'Job_Assignment_Table')
INSERT INTO [Extract_File_Translation_Table] (Subsidiary_Number,Legacy_FieldName,DW_Fieldname,DW_Tablename) VALUES ('001', 'BUDGETED_HOURS_PER_PAY', 'Budgeted_Hours_Per_Pay', 'Job_Assignment_Table')
INSERT INTO [Extract_File_Translation_Table] (Subsidiary_Number,Legacy_FieldName,DW_Fieldname,DW_Tablename) VALUES ('001', 'JOB_CLASS_CODE', 'Job_Class_Code', 'Job_Assignment_Table')

INSERT INTO [Extract_File_Translation_Table] (Subsidiary_Number,Legacy_FieldName,DW_Fieldname,DW_Tablename) VALUES ('001', 'SOCIAL_SECURITY_NUMBER', 'Soc_Sec_Num', 'Employee_Table')
INSERT INTO [Extract_File_Translation_Table] (Subsidiary_Number,Legacy_FieldName,DW_Fieldname,DW_Tablename) VALUES ('001', 'FIRST_NAME', 'First_Name', 'Employee_Table')
INSERT INTO [Extract_File_Translation_Table] (Subsidiary_Number,Legacy_FieldName,DW_Fieldname,DW_Tablename) VALUES ('001', 'MIDDLE_INITIAL', 'Middle_Initial', 'Employee_Table')
INSERT INTO [Extract_File_Translation_Table] (Subsidiary_Number,Legacy_FieldName,DW_Fieldname,DW_Tablename) VALUES ('001', 'LAST_NAME', 'Last_Name', 'Employee_Table')
INSERT INTO [Extract_File_Translation_Table] (Subsidiary_Number,Legacy_FieldName,DW_Fieldname,DW_Tablename) VALUES ('001', 'ADDRESS_LINE_1', 'Address1', 'Employee_Table')
INSERT INTO [Extract_File_Translation_Table] (Subsidiary_Number,Legacy_FieldName,DW_Fieldname,DW_Tablename) VALUES ('001', 'ADDRESS_LINE_2', 'Address2', 'Employee_Table')
INSERT INTO [Extract_File_Translation_Table] (Subsidiary_Number,Legacy_FieldName,DW_Fieldname,DW_Tablename) VALUES ('001', 'CITY', 'City', 'Employee_Table')
INSERT INTO [Extract_File_Translation_Table] (Subsidiary_Number,Legacy_FieldName,DW_Fieldname,DW_Tablename) VALUES ('001', 'STATE', 'State', 'Employee_Table')
INSERT INTO [Extract_File_Translation_Table] (Subsidiary_Number,Legacy_FieldName,DW_Fieldname,DW_Tablename) VALUES ('001', 'ZIP_CODE', 'ZipCode', 'Employee_Table')
INSERT INTO [Extract_File_Translation_Table] (Subsidiary_Number,Legacy_FieldName,DW_Fieldname,DW_Tablename) VALUES ('001', 'HOME_PHONE_NUMBER', 'Home_Phone_Number', 'Employee_Table')
INSERT INTO [Extract_File_Translation_Table] (Subsidiary_Number,Legacy_FieldName,DW_Fieldname,DW_Tablename) VALUES ('001', 'ORIGINAL_HIRE_DATE', 'Original_Hire_Date', 'Employee_Table')
INSERT INTO [Extract_File_Translation_Table] (Subsidiary_Number,Legacy_FieldName,DW_Fieldname,DW_Tablename) VALUES ('001', 'SEX', 'Sex', 'Employee_Table')
INSERT INTO [Extract_File_Translation_Table] (Subsidiary_Number,Legacy_FieldName,DW_Fieldname,DW_Tablename) VALUES ('001', 'DATE_OF_BIRTH', 'Date_Of_Birth', 'Employee_Table')
INSERT INTO [Extract_File_Translation_Table] (Subsidiary_Number,Legacy_FieldName,DW_Fieldname,DW_Tablename) VALUES ('001', 'FT_PT_CODE', 'Employment_Type', 'Employee_Table')
INSERT INTO [Extract_File_Translation_Table] (Subsidiary_Number,Legacy_FieldName,DW_Fieldname,DW_Tablename) VALUES ('001', 'TERMINATION_DATE', 'Final_Termination_Date', 'Employee_Table')

INSERT INTO [Extract_File_Translation_Table] (Subsidiary_Number,Legacy_FieldName,DW_Fieldname,DW_Tablename) VALUES ('002', 'EpSubNum', 'Subsidiary_Number', 'Job_Assignment_Table')
INSERT INTO [Extract_File_Translation_Table] (Subsidiary_Number,Legacy_FieldName,DW_Fieldname,DW_Tablename) VALUES ('002', 'EpSocSecNum', 'Soc_Sec_Num', 'Job_Assignment_Table')
INSERT INTO [Extract_File_Translation_Table] (Subsidiary_Number,Legacy_FieldName,DW_Fieldname,DW_Tablename) VALUES ('002', 'jbHireDate', 'Hired_Date', 'Job_Assignment_Table')
INSERT INTO [Extract_File_Translation_Table] (Subsidiary_Number,Legacy_FieldName,DW_Fieldname,DW_Tablename) VALUES ('002', 'jbEmpNum', 'Company_Employee_Number', 'Job_Assignment_Table')
INSERT INTO [Extract_File_Translation_Table] (Subsidiary_Number,Legacy_FieldName,DW_Fieldname,DW_Tablename) VALUES ('002', 'jbEmpCode', 'FT_PT_Code', 'Job_Assignment_Table')
INSERT INTO [Extract_File_Translation_Table] (Subsidiary_Number,Legacy_FieldName,DW_Fieldname,DW_Tablename) VALUES ('002', 'jbStatCode', 'Status_Code', 'Job_Assignment_Table')
INSERT INTO [Extract_File_Translation_Table] (Subsidiary_Number,Legacy_FieldName,DW_Fieldname,DW_Tablename) VALUES ('002', 'jbTermDate', 'Termination_Date', 'Job_Assignment_Table')
INSERT INTO [Extract_File_Translation_Table] (Subsidiary_Number,Legacy_FieldName,DW_Fieldname,DW_Tablename) VALUES ('002', 'jbTermReason', 'Termination_Code', 'Job_Assignment_Table')
INSERT INTO [Extract_File_Translation_Table] (Subsidiary_Number,Legacy_FieldName,DW_Fieldname,DW_Tablename) VALUES ('002', 'jbHourPay', 'Hourly_Base_Pay', 'Job_Assignment_Table')
INSERT INTO [Extract_File_Translation_Table] (Subsidiary_Number,Legacy_FieldName,DW_Fieldname,DW_Tablename) VALUES ('002', 'jbBudgetedHrs', 'Budgeted_Hours_Per_Pay', 'Job_Assignment_Table')
INSERT INTO [Extract_File_Translation_Table] (Subsidiary_Number,Legacy_FieldName,DW_Fieldname,DW_Tablename) VALUES ('002', 'jbClassification', 'Job_Class_Code', 'Job_Assignment_Table')

INSERT INTO [Extract_File_Translation_Table] (Subsidiary_Number,Legacy_FieldName,DW_Fieldname,DW_Tablename) VALUES ('002', 'EpSocSecNum', 'Soc_Sec_Num', 'Employee_Table')
INSERT INTO [Extract_File_Translation_Table] (Subsidiary_Number,Legacy_FieldName,DW_Fieldname,DW_Tablename) VALUES ('002', 'EpFname', 'First_Name', 'Employee_Table')
INSERT INTO [Extract_File_Translation_Table] (Subsidiary_Number,Legacy_FieldName,DW_Fieldname,DW_Tablename) VALUES ('002', 'EpMInit', 'Middle_Initial', 'Employee_Table')
INSERT INTO [Extract_File_Translation_Table] (Subsidiary_Number,Legacy_FieldName,DW_Fieldname,DW_Tablename) VALUES ('002', 'EpLname', 'Last_Name', 'Employee_Table')
INSERT INTO [Extract_File_Translation_Table] (Subsidiary_Number,Legacy_FieldName,DW_Fieldname,DW_Tablename) VALUES ('002', 'EpAdd1', 'Address1', 'Employee_Table')
INSERT INTO [Extract_File_Translation_Table] (Subsidiary_Number,Legacy_FieldName,DW_Fieldname,DW_Tablename) VALUES ('002', 'EpAdd2', 'Address2', 'Employee_Table')
INSERT INTO [Extract_File_Translation_Table] (Subsidiary_Number,Legacy_FieldName,DW_Fieldname,DW_Tablename) VALUES ('002', 'EpCity', 'City', 'Employee_Table')
INSERT INTO [Extract_File_Translation_Table] (Subsidiary_Number,Legacy_FieldName,DW_Fieldname,DW_Tablename) VALUES ('002', 'EpState', 'State', 'Employee_Table')
INSERT INTO [Extract_File_Translation_Table] (Subsidiary_Number,Legacy_FieldName,DW_Fieldname,DW_Tablename) VALUES ('002', 'EpZip', 'ZipCode', 'Employee_Table')
INSERT INTO [Extract_File_Translation_Table] (Subsidiary_Number,Legacy_FieldName,DW_Fieldname,DW_Tablename) VALUES ('002', 'EpHomePhone', 'Home_Phone_Number', 'Employee_Table')
INSERT INTO [Extract_File_Translation_Table] (Subsidiary_Number,Legacy_FieldName,DW_Fieldname,DW_Tablename) VALUES ('002', 'jbHireDate', 'Original_Hire_Date', 'Employee_Table')
INSERT INTO [Extract_File_Translation_Table] (Subsidiary_Number,Legacy_FieldName,DW_Fieldname,DW_Tablename) VALUES ('002', 'EpGender', 'Sex', 'Employee_Table')
INSERT INTO [Extract_File_Translation_Table] (Subsidiary_Number,Legacy_FieldName,DW_Fieldname,DW_Tablename) VALUES ('002', 'EpDateOfBith', 'Date_Of_Birth', 'Employee_Table')
INSERT INTO [Extract_File_Translation_Table] (Subsidiary_Number,Legacy_FieldName,DW_Fieldname,DW_Tablename) VALUES ('002', 'jbEmpCode', 'Employment_Type', 'Employee_Table')
INSERT INTO [Extract_File_Translation_Table] (Subsidiary_Number,Legacy_FieldName,DW_Fieldname,DW_Tablename) VALUES ('002', 'jbTermDate', 'Final_Termination_Date', 'Employee_Table')

INSERT INTO [Extract_File_Translation_Table] (Subsidiary_Number,Legacy_FieldName,DW_Fieldname,DW_Tablename) VALUES ('003', 'CompanyCode', 'Subsidiary_Number', 'Job_Assignment_Table')
INSERT INTO [Extract_File_Translation_Table] (Subsidiary_Number,Legacy_FieldName,DW_Fieldname,DW_Tablename) VALUES ('003', 'SSN', 'Soc_Sec_Num', 'Job_Assignment_Table')
INSERT INTO [Extract_File_Translation_Table] (Subsidiary_Number,Legacy_FieldName,DW_Fieldname,DW_Tablename) VALUES ('003', 'HireDate', 'Hired_Date', 'Job_Assignment_Table')
INSERT INTO [Extract_File_Translation_Table] (Subsidiary_Number,Legacy_FieldName,DW_Fieldname,DW_Tablename) VALUES ('003', 'EmpNum', 'Company_Employee_Number', 'Job_Assignment_Table')
INSERT INTO [Extract_File_Translation_Table] (Subsidiary_Number,Legacy_FieldName,DW_Fieldname,DW_Tablename) VALUES ('003', 'EmpCode', 'FT_PT_Code', 'Job_Assignment_Table')
INSERT INTO [Extract_File_Translation_Table] (Subsidiary_Number,Legacy_FieldName,DW_Fieldname,DW_Tablename) VALUES ('003', 'EmpCode', 'Status_Code', 'Job_Assignment_Table')
INSERT INTO [Extract_File_Translation_Table] (Subsidiary_Number,Legacy_FieldName,DW_Fieldname,DW_Tablename) VALUES ('003', 'TermDate', 'Termination_Date', 'Job_Assignment_Table')
INSERT INTO [Extract_File_Translation_Table] (Subsidiary_Number,Legacy_FieldName,DW_Fieldname,DW_Tablename) VALUES ('003', 'TermCode', 'Termination_Code', 'Job_Assignment_Table')
INSERT INTO [Extract_File_Translation_Table] (Subsidiary_Number,Legacy_FieldName,DW_Fieldname,DW_Tablename) VALUES ('003', 'BasePay', 'Hourly_Base_Pay', 'Job_Assignment_Table')
INSERT INTO [Extract_File_Translation_Table] (Subsidiary_Number,Legacy_FieldName,DW_Fieldname,DW_Tablename) VALUES ('003', 'HrsPerPay', 'Budgeted_Hours_Per_Pay', 'Job_Assignment_Table')
INSERT INTO [Extract_File_Translation_Table] (Subsidiary_Number,Legacy_FieldName,DW_Fieldname,DW_Tablename) VALUES ('003', 'JobCode', 'Job_Class_Code', 'Job_Assignment_Table')

INSERT INTO [Extract_File_Translation_Table] (Subsidiary_Number,Legacy_FieldName,DW_Fieldname,DW_Tablename) VALUES ('003', 'SSN', 'Soc_Sec_Num', 'Employee_Table')
INSERT INTO [Extract_File_Translation_Table] (Subsidiary_Number,Legacy_FieldName,DW_Fieldname,DW_Tablename) VALUES ('003', 'Fname', 'First_Name', 'Employee_Table')
INSERT INTO [Extract_File_Translation_Table] (Subsidiary_Number,Legacy_FieldName,DW_Fieldname,DW_Tablename) VALUES ('003', 'Minit', 'Middle_Initial', 'Employee_Table')
INSERT INTO [Extract_File_Translation_Table] (Subsidiary_Number,Legacy_FieldName,DW_Fieldname,DW_Tablename) VALUES ('003', 'Lname', 'Last_Name', 'Employee_Table')
INSERT INTO [Extract_File_Translation_Table] (Subsidiary_Number,Legacy_FieldName,DW_Fieldname,DW_Tablename) VALUES ('003', 'Addr1', 'Address1', 'Employee_Table')
INSERT INTO [Extract_File_Translation_Table] (Subsidiary_Number,Legacy_FieldName,DW_Fieldname,DW_Tablename) VALUES ('003', 'Addr2', 'Address2', 'Employee_Table')
INSERT INTO [Extract_File_Translation_Table] (Subsidiary_Number,Legacy_FieldName,DW_Fieldname,DW_Tablename) VALUES ('003', 'City', 'City', 'Employee_Table')
INSERT INTO [Extract_File_Translation_Table] (Subsidiary_Number,Legacy_FieldName,DW_Fieldname,DW_Tablename) VALUES ('003', 'State', 'State', 'Employee_Table')
INSERT INTO [Extract_File_Translation_Table] (Subsidiary_Number,Legacy_FieldName,DW_Fieldname,DW_Tablename) VALUES ('003', 'Zip', 'ZipCode', 'Employee_Table')
INSERT INTO [Extract_File_Translation_Table] (Subsidiary_Number,Legacy_FieldName,DW_Fieldname,DW_Tablename) VALUES ('003', 'HomePhone', 'Home_Phone_Number', 'Employee_Table')
INSERT INTO [Extract_File_Translation_Table] (Subsidiary_Number,Legacy_FieldName,DW_Fieldname,DW_Tablename) VALUES ('003', 'HireDate', 'Original_Hire_Date', 'Employee_Table')
INSERT INTO [Extract_File_Translation_Table] (Subsidiary_Number,Legacy_FieldName,DW_Fieldname,DW_Tablename) VALUES ('003', 'Sex', 'Sex', 'Employee_Table')
INSERT INTO [Extract_File_Translation_Table] (Subsidiary_Number,Legacy_FieldName,DW_Fieldname,DW_Tablename) VALUES ('003', 'BirthDate', 'Date_Of_Birth', 'Employee_Table')
INSERT INTO [Extract_File_Translation_Table] (Subsidiary_Number,Legacy_FieldName,DW_Fieldname,DW_Tablename) VALUES ('003', 'EmpCode', 'Employment_Type', 'Employee_Table')
INSERT INTO [Extract_File_Translation_Table] (Subsidiary_Number,Legacy_FieldName,DW_Fieldname,DW_Tablename) VALUES ('003', 'TermDate', 'Final_Termination_Date', 'Employee_Table')

INSERT INTO [Subsidiary_Table] (Subsidiary_Number, Subsidiary_Name) VALUES ('001','Jones Excavating Services')
INSERT INTO [Subsidiary_Table] (Subsidiary_Number, Subsidiary_Name) VALUES ('002','Brown Time Systems')
INSERT INTO [Subsidiary_Table] (Subsidiary_Number, Subsidiary_Name) VALUES ('003','Yoyodyne Propulsion')
INSERT INTO [Subsidiary_Table] (Subsidiary_Number, Subsidiary_Name) VALUES ('004','Venkmann & Stansz')
INSERT INTO [Subsidiary_Table] (Subsidiary_Number, Subsidiary_Name) VALUES ('005','Nova Robotics')

INSERT INTO [Department_Code_Table] (Department_Code,Subsidiary_Number,Department_Name) VALUES ('100','001','Development')
INSERT INTO [Department_Code_Table] (Department_Code,Subsidiary_Number,Department_Name) VALUES ('100','002','Production')
INSERT INTO [Department_Code_Table] (Department_Code,Subsidiary_Number,Department_Name) VALUES ('100','003','Engineering')
INSERT INTO [Department_Code_Table] (Department_Code,Subsidiary_Number,Department_Name) VALUES ('200','002','Food Services')
INSERT INTO [Department_Code_Table] (Department_Code,Subsidiary_Number,Department_Name) VALUES ('200','003','Maintenance')
INSERT INTO [Department_Code_Table] (Department_Code,Subsidiary_Number,Department_Name) VALUES ('300','002','Facilities')
INSERT INTO [Department_Code_Table] (Department_Code,Subsidiary_Number,Department_Name) VALUES ('300','003','Physical Plant')
INSERT INTO [Department_Code_Table] (Department_Code,Subsidiary_Number,Department_Name) VALUES ('400','003','Employee Services')
INSERT INTO [Department_Code_Table] (Department_Code,Subsidiary_Number,Department_Name) VALUES ('500','001','Facilities')

INSERT INTO [Job_Class_Code_Table] (Job_Class_Code,Subsidiary_Number,Department_Code,Job_Title) VALUES ('104','001','100','Nuclear Physics')
INSERT INTO [Job_Class_Code_Table] (Job_Class_Code,Subsidiary_Number,Department_Code,Job_Title) VALUES ('104','003','100','Manufacturing')
INSERT INTO [Job_Class_Code_Table] (Job_Class_Code,Subsidiary_Number,Department_Code,Job_Title) VALUES ('105','001','100','Quantum Chemistry')
INSERT INTO [Job_Class_Code_Table] (Job_Class_Code,Subsidiary_Number,Department_Code,Job_Title) VALUES ('105','003','100','Production Planning')
INSERT INTO [Job_Class_Code_Table] (Job_Class_Code,Subsidiary_Number,Department_Code,Job_Title) VALUES ('109','002','100','Waffleball Division')
INSERT INTO [Job_Class_Code_Table] (Job_Class_Code,Subsidiary_Number,Department_Code,Job_Title) VALUES ('115','001','100','Radical CS Research')
INSERT INTO [Job_Class_Code_Table] (Job_Class_Code,Subsidiary_Number,Department_Code,Job_Title) VALUES ('115','002','100','Volleyball Division')
INSERT INTO [Job_Class_Code_Table] (Job_Class_Code,Subsidiary_Number,Department_Code,Job_Title) VALUES ('115','003','100','Packaging')
INSERT INTO [Job_Class_Code_Table] (Job_Class_Code,Subsidiary_Number,Department_Code,Job_Title) VALUES ('203','001','500','Janitorial')
INSERT INTO [Job_Class_Code_Table] (Job_Class_Code,Subsidiary_Number,Department_Code,Job_Title) VALUES ('203','003','200','Telecom')
INSERT INTO [Job_Class_Code_Table] (Job_Class_Code,Subsidiary_Number,Department_Code,Job_Title) VALUES ('207','001','500','Kitchen')
INSERT INTO [Job_Class_Code_Table] (Job_Class_Code,Subsidiary_Number,Department_Code,Job_Title) VALUES ('207','003','300','Plumbing')
INSERT INTO [Job_Class_Code_Table] (Job_Class_Code,Subsidiary_Number,Department_Code,Job_Title) VALUES ('212','001','500','Outdoor Maintenance')
INSERT INTO [Job_Class_Code_Table] (Job_Class_Code,Subsidiary_Number,Department_Code,Job_Title) VALUES ('212','003','200','Electrical')
INSERT INTO [Job_Class_Code_Table] (Job_Class_Code,Subsidiary_Number,Department_Code,Job_Title) VALUES ('213','001','500','Machine Repair')
INSERT INTO [Job_Class_Code_Table] (Job_Class_Code,Subsidiary_Number,Department_Code,Job_Title) VALUES ('213','003','400','Kitchen')
INSERT INTO [Job_Class_Code_Table] (Job_Class_Code,Subsidiary_Number,Department_Code,Job_Title) VALUES ('214','001','500','Telecom')
INSERT INTO [Job_Class_Code_Table] (Job_Class_Code,Subsidiary_Number,Department_Code,Job_Title) VALUES ('214','003','400','Laundry')
INSERT INTO [Job_Class_Code_Table] (Job_Class_Code,Subsidiary_Number,Department_Code,Job_Title) VALUES ('304','002','200','Kitchen')
INSERT INTO [Job_Class_Code_Table] (Job_Class_Code,Subsidiary_Number,Department_Code,Job_Title) VALUES ('307','002','300','Telecom')
INSERT INTO [Job_Class_Code_Table] (Job_Class_Code,Subsidiary_Number,Department_Code,Job_Title) VALUES ('309','002','300','Janitorial')

INSERT INTO [Business_Rules_Table] (Subsidiary_Number,DW_Fieldname,Legacy_Value,DW_VALUE) VALUES('001','Subsidiary_Number','001','001')
INSERT INTO [Business_Rules_Table] (Subsidiary_Number,DW_Fieldname,Legacy_Value,DW_VALUE) VALUES('002','Subsidiary_Number','2','002')
INSERT INTO [Business_Rules_Table] (Subsidiary_Number,DW_Fieldname,Legacy_Value,DW_VALUE) VALUES('003','Subsidiary_Number','003','003')
INSERT INTO [Business_Rules_Table] (Subsidiary_Number,DW_Fieldname,Legacy_Value,DW_VALUE) VALUES('001','Subsidiary_Number','NULL','VRFY Subsidiary_Table.Subsidiary_Number')
INSERT INTO [Business_Rules_Table] (Subsidiary_Number,DW_Fieldname,Legacy_Value,DW_VALUE) VALUES('002','Subsidiary_Number','NULL','VRFY Subsidiary_Table.Subsidiary_Number')
INSERT INTO [Business_Rules_Table] (Subsidiary_Number,DW_Fieldname,Legacy_Value,DW_VALUE) VALUES('003','Subsidiary_Number','NULL','VRFY Subsidiary_Table.Subsidiary_Number')
INSERT INTO [Business_Rules_Table] (Subsidiary_Number,DW_Fieldname,Legacy_Value,DW_VALUE) VALUES('001','Job_Class_Code','NULL','VRFY Job_Class_Code_Table.Job_Class_Code')
INSERT INTO [Business_Rules_Table] (Subsidiary_Number,DW_Fieldname,Legacy_Value,DW_VALUE) VALUES('002','Job_Class_Code','NULL','VRFY Job_Class_Code_Table.Job_Class_Code')
INSERT INTO [Business_Rules_Table] (Subsidiary_Number,DW_Fieldname,Legacy_Value,DW_VALUE) VALUES('003','Job_Class_Code','NULL','VRFY Job_Class_Code_Table.Job_Class_Code')
INSERT INTO [Business_Rules_Table] (Subsidiary_Number,DW_Fieldname,Legacy_Value,DW_VALUE) VALUES('001','Soc_Sec_Num','NULL','MASK 000-00-0000')
INSERT INTO [Business_Rules_Table] (Subsidiary_Number,DW_Fieldname,Legacy_Value,DW_VALUE) VALUES('002','Soc_Sec_Num','NULL','MASK 000-00-0000')
INSERT INTO [Business_Rules_Table] (Subsidiary_Number,DW_Fieldname,Legacy_Value,DW_VALUE) VALUES('003','Soc_Sec_Num','NULL','MASK 000-00-0000')
INSERT INTO [Business_Rules_Table] (Subsidiary_Number,DW_Fieldname,Legacy_Value,DW_VALUE) VALUES('001','Home_Phone_Number','NULL','MASK (000) 000-0000')
INSERT INTO [Business_Rules_Table] (Subsidiary_Number,DW_Fieldname,Legacy_Value,DW_VALUE) VALUES('002','Home_Phone_Number','NULL','MASK (000) 000-0000')
INSERT INTO [Business_Rules_Table] (Subsidiary_Number,DW_Fieldname,Legacy_Value,DW_VALUE) VALUES('003','Home_Phone_Number','NULL','MASK (000) 000-0000')
INSERT INTO [Business_Rules_Table] (Subsidiary_Number,DW_Fieldname,Legacy_Value,DW_VALUE) VALUES('001','ORIGINAL_HIRE_DATE','NULL','MASK mm/dd/yyyy')
INSERT INTO [Business_Rules_Table] (Subsidiary_Number,DW_Fieldname,Legacy_Value,DW_VALUE) VALUES('002','ORIGINAL_HIRE_DATE','NULL','MASK mm/dd/yyyy')
INSERT INTO [Business_Rules_Table] (Subsidiary_Number,DW_Fieldname,Legacy_Value,DW_VALUE) VALUES('003','ORIGINAL_HIRE_DATE','NULL','MASK mm/dd/yyyy')
INSERT INTO [Business_Rules_Table] (Subsidiary_Number,DW_Fieldname,Legacy_Value,DW_VALUE) VALUES('001','Sex','M','M')
INSERT INTO [Business_Rules_Table] (Subsidiary_Number,DW_Fieldname,Legacy_Value,DW_VALUE) VALUES('001','Sex','F','F')
INSERT INTO [Business_Rules_Table] (Subsidiary_Number,DW_Fieldname,Legacy_Value,DW_VALUE) VALUES('002','Sex','1','M')
INSERT INTO [Business_Rules_Table] (Subsidiary_Number,DW_Fieldname,Legacy_Value,DW_VALUE) VALUES('002','Sex','2','F')
INSERT INTO [Business_Rules_Table] (Subsidiary_Number,DW_Fieldname,Legacy_Value,DW_VALUE) VALUES('003','Sex','male','M')
INSERT INTO [Business_Rules_Table] (Subsidiary_Number,DW_Fieldname,Legacy_Value,DW_VALUE) VALUES('003','Sex','female','F')
INSERT INTO [Business_Rules_Table] (Subsidiary_Number,DW_Fieldname,Legacy_Value,DW_VALUE) VALUES('001','Date_Of_Birth','NULL','MASK mm/dd/yyyy')
INSERT INTO [Business_Rules_Table] (Subsidiary_Number,DW_Fieldname,Legacy_Value,DW_VALUE) VALUES('002','Date_Of_Birth','NULL','MASK mm/dd/yyyy')
INSERT INTO [Business_Rules_Table] (Subsidiary_Number,DW_Fieldname,Legacy_Value,DW_VALUE) VALUES('003','Date_Of_Birth','NULL','MASK mm/dd/yyyy')
INSERT INTO [Business_Rules_Table] (Subsidiary_Number,DW_Fieldname,Legacy_Value,DW_VALUE) VALUES('001','FT_PT_Code','NULL','TRUL 1')
INSERT INTO [Business_Rules_Table] (Subsidiary_Number,DW_Fieldname,Legacy_Value,DW_VALUE) VALUES('002','FT_PT_Code','NULL','TRUL 1')
INSERT INTO [Business_Rules_Table] (Subsidiary_Number,DW_Fieldname,Legacy_Value,DW_VALUE) VALUES('003','FT_PT_Code','NULL','TRUL 1')
INSERT INTO [Business_Rules_Table] (Subsidiary_Number,DW_Fieldname,Legacy_Value,DW_VALUE) VALUES('001','Status_Code','NULL','TRUL 1')
INSERT INTO [Business_Rules_Table] (Subsidiary_Number,DW_Fieldname,Legacy_Value,DW_VALUE) VALUES('002','Status_Code','NULL','TRUL 1')
INSERT INTO [Business_Rules_Table] (Subsidiary_Number,DW_Fieldname,Legacy_Value,DW_VALUE) VALUES('003','Status_Code','NULL','TRUL 1')
INSERT INTO [Business_Rules_Table] (Subsidiary_Number,DW_Fieldname,Legacy_Value,DW_VALUE) VALUES('001','Termination_Date','NULL','MASK mm/dd/yyyy')
INSERT INTO [Business_Rules_Table] (Subsidiary_Number,DW_Fieldname,Legacy_Value,DW_VALUE) VALUES('002','Termination_Date','NULL','MASK mm/dd/yyyy')
INSERT INTO [Business_Rules_Table] (Subsidiary_Number,DW_Fieldname,Legacy_Value,DW_VALUE) VALUES('003','Termination_Date','NULL','MASK mm/dd/yyyy')
INSERT INTO [Business_Rules_Table] (Subsidiary_Number,DW_Fieldname,Legacy_Value,DW_VALUE) VALUES('001','Final_Termination_Date','NULL','MASK mm/dd/yyyy')
INSERT INTO [Business_Rules_Table] (Subsidiary_Number,DW_Fieldname,Legacy_Value,DW_VALUE) VALUES('002','Final_Termination_Date','NULL','MASK mm/dd/yyyy')
INSERT INTO [Business_Rules_Table] (Subsidiary_Number,DW_Fieldname,Legacy_Value,DW_VALUE) VALUES('003','Final_Termination_Date','NULL','MASK mm/dd/yyyy')
INSERT INTO [Business_Rules_Table] (Subsidiary_Number,DW_Fieldname,Legacy_Value,DW_VALUE) VALUES('002','Termination_Code','R','R')
INSERT INTO [Business_Rules_Table] (Subsidiary_Number,DW_Fieldname,Legacy_Value,DW_VALUE) VALUES('002','Termination_Code','F','F')
INSERT INTO [Business_Rules_Table] (Subsidiary_Number,DW_Fieldname,Legacy_Value,DW_VALUE) VALUES('003','Termination_Code','1','F')
INSERT INTO [Business_Rules_Table] (Subsidiary_Number,DW_Fieldname,Legacy_Value,DW_VALUE) VALUES('003','Termination_Code','2','R')
INSERT INTO [Business_Rules_Table] (Subsidiary_Number,DW_Fieldname,Legacy_Value,DW_VALUE) VALUES('003','Termination_Code','3','F')
INSERT INTO [Business_Rules_Table] (Subsidiary_Number,DW_Fieldname,Legacy_Value,DW_VALUE) VALUES('003','Termination_Code','4','F')
INSERT INTO [Business_Rules_Table] (Subsidiary_Number,DW_Fieldname,Legacy_Value,DW_VALUE) VALUES('003','Termination_Code','5','R')